dest_ip,dest_port
137.108.159.22,80
217.182.6.206,26379
51.15.234.222,16379
115.127.106.226,1088
187.188.58.173,4153
31.25.141.148,8080
181.209.106.186,1080
45.234.2.253,9898
202.179.88.233,51951
185.105.102.189,80
47.251.43.115,33333
81.169.213.169,8888
208.102.51.6,58208
213.143.113.82,80
38.170.168.115,5390
119.3.113.152,9094
116.108.35.226,20057
118.68.114.73,10003
104.31.138.26,80
103.155.54.26,83
182.204.177.156,1080
222.127.63.18,8082
38.255.23.131,999
197.234.13.24,4145
38.153.138.134,9473
89.249.194.212,6611
107.173.105.8,5695
190.113.40.202,999
190.61.47.78,9992
188.18.10.140,5678
52.56.248.120,33387
103.180.73.107,8080
157.20.98.74,1111
181.174.231.56,999
43.252.236.114,1080
155.50.213.149,3128
200.24.130.138,999
104.17.50.45,80
74.207.235.213,1221
43.159.198.87,7890
185.99.133.79,9999
72.10.164.178,23829
65.108.203.36,18080
197.251.236.226,5678
143.137.116.72,1080
68.183.55.211,37775
64.226.85.75,1080
198.46.161.236,5286
91.203.179.72,65056
8.219.11.125,443
45.86.6.137,8080
189.39.118.210,5678
43.133.76.115,15673
31.58.151.137,6128
80.191.40.41,5678
172.67.180.55,80
138.201.124.98,9050
170.147.85.187,80
68.71.247.130,4145
47.250.56.98,19190
46.10.208.106,8192
163.172.146.42,16379
146.56.178.93,1711
222.216.239.76,8118
186.219.96.12,52017
5.10.244.205,80
50.236.148.254,31699
104.20.144.8,80
72.10.160.90,3581
8.217.227.171,8888
203.77.239.201,4153
139.59.234.208,52873
77.91.87.1,3128
95.188.82.147,3629
98.181.137.83,4145
103.138.145.34,80
72.10.160.91,14075
181.209.253.168,35010
171.244.62.94,8086
252.206.211.167,8080
187.86.153.254,30660
216.155.93.238,5678
51.83.184.241,9191
162.241.125.171,55804
35.237.129.172,80
92.86.92.126,42740
103.86.1.9,4145
45.224.149.99,999
186.103.133.91,5678
191.97.19.66,999
79.142.82.244,3629
213.252.245.221,6101
107.181.154.243,5921
162.241.53.72,57846
103.83.252.61,1080
62.89.31.216,3629
103.59.203.209,4145
81.18.54.228,1080
115.127.87.245,10800
149.20.253.93,12551
181.64.186.221,5678
20.205.115.87,8080
103.174.178.131,1020
123.141.181.8,5031
155.254.38.138,5814
14.29.236.128,7897
209.97.150.167,8080
88.213.214.254,4145
183.182.102.135,5678
189.205.215.202,8080
138.68.24.185,58170
191.96.117.216,6971
169.239.236.201,10801
156.228.105.172,3128
93.90.212.2,4153
188.132.150.37,8080
8.220.204.215,8888
41.217.223.145,32650
182.160.125.148,8080
103.124.139.177,4145
78.133.163.190,4145
125.141.133.49,5566
197.215.220.18,1080
206.189.150.202,8888
116.99.236.6,30742
159.196.63.71,4153
36.95.189.165,5678
104.16.1.168,80
103.14.251.16,4153
103.184.67.25,1080
47.91.109.17,8090
180.191.16.34,8082
72.195.114.169,4145
89.26.83.25,8080
173.234.58.82,8800
38.170.176.210,5605
64.90.54.17,63770
119.93.129.34,80
51.158.124.167,16379
152.53.115.181,8045
89.58.45.94,42654
190.249.169.153,3629
203.57.51.53,80
158.101.1.100,42171
175.6.140.135,38801
192.121.102.217,8118
192.252.208.70,14282
190.69.157.213,999
67.43.228.253,26173
38.154.227.226,5927
146.103.56.229,5777
118.179.87.170,5678
20.27.15.49,8561
152.231.25.114,8080
142.54.235.9,4145
148.135.144.233,5729
45.61.187.67,4009
177.104.87.23,5678
184.178.172.17,4145
81.94.255.13,8080
203.158.221.152,80
200.123.109.166,4153
190.0.15.18,5678
172.67.31.125,80
181.120.28.228,80
109.238.14.123,52663
159.89.49.172,59166
211.227.80.110,3128
31.43.33.56,4153
37.27.253.44,8037
114.80.40.128,3081
82.207.37.180,4153
41.74.91.244,80
185.174.137.30,3128
105.214.82.133,5678
124.232.148.3,3128
78.128.81.220,44286
200.106.184.97,999
176.9.164.117,60008
51.79.249.186,3128
45.231.221.193,999
61.178.99.43,7302
98.175.31.195,4145
46.101.19.131,80
190.111.238.127,49017
24.230.33.96,3128
121.43.109.88,8008
176.36.190.253,8080
160.187.174.186,8080
45.79.134.70,42967
190.71.24.129,999
104.16.1.199,80
102.223.20.217,80
142.147.129.221,5830
104.16.1.237,80
92.247.31.130,1080
180.118.239.140,2324
62.201.212.198,4673
198.199.86.11,8080
204.93.169.232,60755
67.43.228.251,8399
8.211.194.85,443
37.52.13.164,5678
51.79.241.31,3128
103.49.228.54,8080
209.97.150.167,3128
109.75.42.82,3629
77.238.245.102,1080
142.54.237.34,4145
103.173.244.210,58080
46.202.78.216,5711
199.102.106.94,4145
95.111.231.71,8036
195.154.43.198,39522
185.191.236.162,3128
103.156.16.191,8818
77.91.70.222,80
74.62.23.242,39593
95.182.78.2,5678
77.91.74.77,80
156.244.11.6,4145
80.63.84.58,8081
27.147.169.66,1080
104.239.35.74,5756
115.74.153.98,1080
43.153.66.118,80
85.194.250.22,1080
96.36.50.99,39593
209.127.143.243,8342
68.71.254.6,4145
103.24.214.158,8181
47.254.153.78,8024
123.140.160.62,5031
45.233.170.61,999
51.83.190.248,19050
181.214.39.51,5719
213.149.154.213,5678
150.136.120.240,3128
18.144.77.146,80
13.208.241.126,53233
68.71.243.14,4145
188.134.9.40,1080
107.181.148.17,5877
217.115.115.148,56792
92.45.19.35,5678
15.168.175.83,3128
36.94.185.93,35010
171.41.231.74,1337
94.131.12.128,10808
50.255.17.229,32100
82.210.56.251,80
36.138.53.26,10019
37.187.91.192,11721
47.236.37.129,18081
31.28.4.192,80
56.155.38.121,12736
185.226.207.168,5717
190.145.37.2,65409
94.236.153.96,4145
8.142.3.145,3306
208.96.138.86,29183
45.40.143.74,21340
200.118.122.6,4153
114.80.39.130,3081
77.235.23.130,5678
181.189.24.196,999
72.10.160.91,5613
45.159.150.23,3128
103.46.5.129,3125
38.170.188.230,5803
123.253.124.28,5678
47.176.213.210,39593
183.89.208.90,8080
72.206.181.105,64935
144.91.95.238,58237
85.62.5.158,5678
103.210.28.66,31433
185.226.204.164,5717
190.242.119.222,8080
195.246.54.31,8080
51.91.109.83,80
190.13.147.241,5678
103.154.230.180,8080
104.18.251.208,80
104.16.105.207,80
177.234.217.44,999
72.221.172.203,4145
103.121.214.50,4145
125.141.139.112,5566
209.141.58.213,5556
27.79.25.72,5104
23.27.93.16,5595
136.0.88.33,5091
72.10.160.171,32717
131.161.68.41,35944
85.17.254.222,3128
221.226.109.229,7302
65.78.79.120,16270
109.238.219.241,4153
100.1.53.24,5678
180.183.108.19,8080
51.210.111.216,22302
213.16.56.132,4153
45.7.210.195,4153
70.166.167.38,57728
95.80.253.77,33333
37.27.253.44,8003
188.121.102.44,3128
89.28.48.254,5678
198.199.86.11,3128
36.89.229.97,50540
190.239.220.57,999
93.177.103.24,50471
205.185.120.241,5556
185.105.102.179,80
51.222.241.8,42378
45.135.139.109,6412
213.32.254.10,4153
188.163.170.130,35578
47.238.130.212,8004
185.32.4.65,4153
222.188.105.190,10800
43.199.163.10,3128
177.128.44.126,31337
47.206.214.6,54321
172.105.11.250,33624
222.255.238.159,80
209.205.219.2,10064
117.161.170.163,9015
179.1.192.17,999
36.67.147.222,4153
194.180.232.68,8085
104.200.152.30,4145
27.79.252.44,16000
139.59.14.115,33292
111.132.16.97,3389
103.38.205.69,5678
46.101.160.223,80
3.143.37.255,80
72.10.160.90,19197
58.57.147.86,10800
103.191.165.45,1080
117.190.42.158,7777
104.19.171.188,80
72.205.115.199,3128
176.9.238.167,52533
125.141.139.60,5566
223.205.186.163,1080
222.64.8.171,4145
203.190.8.59,1088
8.220.205.172,3128
197.156.243.134,33333
111.61.73.175,7302
195.130.115.208,33333
108.24.70.19,43
80.79.6.124,3128
139.159.97.42,8788
72.221.164.34,60671
94.26.241.120,8080
81.183.253.34,4145
181.212.45.226,8080
67.213.212.49,60309
144.76.75.25,4444
86.57.134.64,41890
103.154.25.126,8080
137.184.228.194,40886
162.212.156.192,10010
103.75.119.185,80
162.220.246.250,6534
36.37.244.41,5678
95.70.220.173,4153
117.20.64.44,56981
67.206.213.202,55555
187.95.136.46,5678
195.158.8.123,3128
36.37.189.64,5678
103.174.150.58,1080
82.102.10.253,80
31.59.33.157,6733
190.0.241.220,999
5.189.129.186,48229
222.67.12.40,1080
162.210.197.91,10217
8.210.4.18,7779
190.187.201.26,8080
181.129.62.2,47377
103.111.22.65,58563
94.253.95.241,3629
155.254.38.195,5871
111.72.193.66,2324
85.206.93.105,8080
181.115.206.242,3128
104.16.1.226,80
178.33.156.198,50009
163.172.131.178,16379
171.250.217.94,1080
89.109.179.51,1080
3.126.92.60,29
107.181.154.49,5727
123.140.146.57,5031
123.140.146.39,5031
36.64.37.18,89
61.171.50.169,6688
103.146.26.31,5678
131.196.180.1,4153
67.43.236.20,7755
72.10.160.90,12397
197.156.240.66,5678
221.231.13.198,1080
207.244.252.14,11379
48.210.246.30,3128
45.224.119.74,999
222.71.131.131,1080
205.185.125.140,5556
101.109.76.109,4145
213.7.196.26,4153
200.115.157.211,4145
38.137.179.244,999
92.241.92.218,14888
103.233.152.18,8080
103.161.130.208,8181
139.224.117.52,2222
139.5.73.71,8080
179.61.166.251,6674
98.162.25.16,4145
27.223.85.74,48293
115.76.198.49,24794
185.226.207.237,5786
178.141.249.246,8081
154.65.39.7,80
157.245.157.72,60490
52.191.208.232,80
72.206.181.123,4145
206.206.71.132,5772
95.164.0.177,36352
31.179.162.78,4153
31.214.171.62,3128
103.148.131.108,8080
200.21.225.82,8080
103.112.234.65,5678
129.205.244.158,1080
157.15.118.86,8080
114.4.241.210,5678
171.6.119.82,8080
103.154.2.37,1088
213.184.242.144,1337
12.158.87.26,39593
186.148.31.19,999
159.89.239.166,18084
156.67.172.185,3128
91.243.164.214,5678
43.248.27.11,54730
32.223.6.94,80
45.225.184.177,999
112.201.183.65,8080
173.212.239.181,54885
23.247.136.254,80
117.161.170.163,9025
1.1.1.98,80
54.193.61.239,3129
45.112.125.55,4145
8.220.204.215,4002
103.160.201.26,1080
39.99.239.207,30001
213.190.26.158,1080
34.143.162.66,9443
103.81.152.10,83
64.56.150.102,3128
184.105.133.1,48324
216.74.115.117,6711
43.247.15.41,8080
84.241.8.234,8080
177.10.81.32,4145
103.126.87.203,8080
208.113.161.0,23089
185.23.124.230,8080
43.153.71.78,19090
107.181.148.254,6114
141.94.104.205,48452
220.152.112.150,1088
222.127.241.158,5050
213.6.155.9,19000
142.54.232.6,4145
103.166.124.249,8199
137.184.197.190,80
104.199.219.13,3128
142.93.167.100,61042
2.179.193.146,80
54.37.72.89,80
103.132.54.54,1080
103.38.103.18,1080
74.119.147.209,4145
186.159.6.163,1994
185.14.47.52,16088
167.103.19.22,11194
194.163.182.234,53941
193.233.210.11,8085
171.4.21.146,8080
194.163.129.179,45641
58.69.248.180,8080
117.102.78.50,8080
117.74.65.207,1023
184.170.249.65,4145
198.145.118.252,8080
98.162.96.52,4145
80.253.255.138,3128
181.214.39.73,5719
210.210.154.61,5678
1.179.172.45,31225
174.64.199.82,4145
124.90.45.58,10800
37.59.50.81,5055
39.170.85.129,7302
24.75.156.114,3366
103.176.179.84,3128
141.94.254.138,26353
110.78.141.206,4145
181.57.225.166,3629
103.42.28.27,45787
182.204.181.77,1080
110.93.206.62,5678
185.43.249.148,39316
45.235.123.45,999
89.110.112.141,64424
178.153.241.108,8080
46.202.78.239,5734
72.210.221.197,4145
171.228.140.10,10089
154.31.200.185,6666
125.25.113.128,8081
125.25.32.228,8080
168.228.153.1,1080
31.59.18.70,6651
167.253.48.150,8085
72.210.252.134,46164
103.165.239.142,8088
103.17.90.6,5678
47.251.161.44,3129
223.206.124.56,8080
103.82.37.151,8888
213.149.103.133,61859
80.73.125.199,3128
66.63.168.119,8000
194.233.78.142,42495
140.83.32.175,80
190.238.231.65,1994
103.153.232.41,8080
110.77.145.159,4145
34.81.160.132,80
123.159.125.118,8085
185.186.17.57,5678
43.252.237.84,8085
27.72.122.228,51067
176.121.48.78,60606
103.159.96.95,8080
185.215.53.129,3629
119.5.236.99,24388
104.143.226.241,5844
116.96.98.174,7009
67.201.39.14,4145
198.46.172.102,12345
89.161.89.20,5678
34.80.202.6,3128
177.52.212.56,4153
72.206.181.97,64943
103.138.123.65,8090
66.135.227.178,4145
164.90.242.76,3128
94.154.127.78,8085
43.252.237.172,8082
162.214.90.49,44916
103.21.244.216,80
216.107.129.67,10180
68.178.161.107,80
165.227.104.122,48500
152.53.115.181,8075
103.95.97.43,4153
43.134.84.90,1090
203.189.154.151,1080
103.139.246.166,5678
200.174.198.86,8888
145.223.46.221,5771
117.5.186.68,20092
118.70.212.110,60606
36.67.88.77,4153
38.153.152.179,9529
116.103.26.68,16000
195.138.90.226,3128
115.164.146.10,5678
199.102.105.242,4145
103.141.148.62,5678
211.234.125.5,443
36.66.203.163,5678
46.160.90.81,5678
91.107.86.207,3141
154.90.48.76,80
185.93.89.171,4205
108.141.130.146,80
27.75.154.105,1080
193.142.39.90,8085
38.153.137.126,5434
198.98.58.218,30410
94.198.40.18,80
217.76.245.24,999
171.228.117.38,5107
103.160.12.138,4145
1.179.148.9,55636
47.254.198.237,3128
194.36.55.151,80
198.105.100.237,6488
188.164.199.34,27572
134.122.21.142,33346
107.181.168.145,4145
82.29.128.145,8118
58.18.39.58,10800
47.254.36.213,1080
176.74.193.6,36918
110.76.155.145,14153
116.103.25.236,16000
190.15.210.143,33333
198.89.123.148,6690
38.154.99.171,8800
60.217.64.237,35292
177.234.192.47,32213
103.142.255.43,1111
171.41.128.167,2324
185.62.48.203,5678
144.126.142.132,60294
110.235.136.71,8081
185.123.235.77,5678
14.69.80.246,8080
119.3.113.150,9094
193.40.176.50,4153
123.126.158.50,80
46.218.15.74,80
183.88.184.48,8080
103.140.205.201,1080
222.165.223.140,41541
181.57.131.122,8080
216.215.125.178,48324
190.145.194.210,8080
155.50.241.99,3128
185.77.223.27,8085
91.103.120.55,80
141.147.33.121,80
5.19.101.163,33333
14.116.251.74,3128
190.182.88.214,30956
213.165.185.211,4153
200.125.171.61,999
103.162.153.152,3030
111.132.17.123,3389
76.81.6.107,31008
103.216.49.229,33333
80.80.164.164,10801
46.47.197.210,3128
79.106.231.17,8080
213.169.33.7,4002
193.163.92.117,8085
46.105.35.193,8080
177.86.201.108,4145
116.130.233.22,3129
118.174.219.171,4153
194.150.68.7,7010
45.62.167.249,80
45.234.77.86,4153
31.24.44.92,52173
199.58.184.97,4145
177.36.185.181,5678
103.134.222.186,8080
31.58.16.251,6218
46.160.129.189,3128
5.58.66.55,14888
182.253.109.188,8080
146.103.56.114,5662
103.12.246.57,4145
103.156.86.131,1080
123.231.230.58,31196
13.126.217.46,3128
45.238.12.4,3128
166.0.162.140,8445
49.48.93.179,8080
202.165.47.65,5678
123.200.6.58,5678
103.97.94.22,4153
157.52.145.128,5737
99.223.51.39,8080
130.193.123.34,5678
200.71.123.77,60606
181.143.21.146,4153
103.148.112.245,8199
116.58.254.152,8080
72.10.160.171,16849
8.212.168.170,9080
45.159.217.15,80
218.75.224.4,3309
181.65.169.35,999
45.147.235.52,8085
103.154.113.242,4153
114.236.93.203,15800
64.227.106.157,80
222.68.38.115,1080
117.102.224.38,1080
103.180.123.247,1452
72.195.34.60,27391
212.112.127.20,8080
190.123.236.85,8080
213.189.137.132,80
104.225.220.233,80
64.176.10.195,444
202.43.191.14,5430
67.43.236.19,19801
89.151.134.157,3629
223.25.109.114,8199
104.17.197.90,2057
192.111.135.17,18302
72.52.217.188,80
203.205.29.108,5678
94.232.11.178,58028
94.154.127.216,8085
124.41.213.174,5678
182.253.140.250,5678
194.34.232.107,80
75.119.141.230,27666
95.216.224.61,59792
47.237.2.245,3128
8.215.15.163,80
180.244.115.148,3128
117.251.103.186,8080
103.60.214.18,51754
45.85.118.47,80
213.156.124.3,33333
212.34.239.253,1080
67.43.228.254,13311
103.161.34.214,4444
43.153.86.246,7890
54.92.199.26,80
103.54.57.117,50460
192.111.137.37,18762
94.154.57.5,9999
200.75.137.210,4145
41.128.148.78,1976
38.153.132.156,5263
72.49.49.11,31034
212.33.197.37,80
5.133.219.4,63434
194.233.88.202,12187
192.252.215.5,16137
103.240.33.177,8291
43.129.249.83,8888
104.238.37.225,6782
45.125.222.125,47239
20.13.34.208,8118
188.166.197.129,3128
198.199.86.11,1080
182.53.96.56,4145
72.221.196.157,35904
43.156.10.212,10169
147.45.104.252,80
193.56.20.110,8085
102.164.201.157,8080
82.130.202.219,43429
43.231.192.105,4145
174.138.54.65,80
109.245.231.73,8192
36.255.86.113,83
145.223.46.217,5767
101.109.245.200,4153
51.15.211.42,16379
200.108.234.105,8080
5.83.124.44,5678
23.227.203.202,9050
142.111.1.76,5108
105.214.75.107,5678
172.67.144.126,80
117.102.117.108,8080
47.104.68.79,6128
181.214.39.72,5719
36.253.18.38,8181
45.167.95.182,999
183.6.7.103,4145
107.181.154.205,5883
50.96.204.7,18351
104.37.135.145,4145
147.75.34.74,10019
95.87.30.11,8080
103.245.205.226,6969
185.238.228.31,80
45.249.79.105,3629
178.128.172.154,3128
186.190.228.83,4153
47.251.87.74,1036
195.66.210.177,1080
38.154.191.34,8611
89.43.10.141,80
81.22.132.94,15182
142.44.241.192,7497
61.155.235.58,10800
103.121.12.9,8080
162.216.204.146,1080
154.79.254.236,32650
69.164.206.8,57623
5.252.23.206,1080
123.141.181.49,5031
213.151.79.84,8080
8.211.194.85,4444
99.112.0.213,8080
115.239.234.43,7302
70.35.199.99,56633
103.6.177.174,8002
75.81.166.118,39593
104.239.81.118,6653
212.23.175.80,8443
162.220.246.78,6362
34.124.190.108,8080
213.169.33.7,4000
154.29.232.32,6692
64.64.152.248,39593
185.238.228.156,80
147.75.88.115,9443
103.167.170.22,1111
109.71.254.4,80
62.171.146.164,80
142.111.58.126,6704
45.131.6.77,80
107.172.156.142,5790
216.39.248.155,33333
41.65.236.56,1981
91.232.105.105,16895
8.213.156.191,8080
46.37.193.234,33333
203.202.253.186,58309
103.70.206.193,59311
103.149.194.40,32650
194.170.146.125,8080
87.119.229.138,1080
189.124.91.145,7171
8.215.12.103,8001
41.216.190.164,8080
205.240.77.164,4145
118.174.47.182,4145
186.201.31.189,4145
35.185.254.159,80
110.74.195.2,4153
173.214.176.125,6096
201.229.250.21,8080
3.128.142.113,80
182.253.7.146,8180
103.181.255.101,1080
41.93.71.21,80
8.217.174.60,8888
103.174.36.112,5678
118.97.107.65,5430
187.19.127.246,8011
1.180.49.222,7302
103.63.26.119,8080
45.43.64.38,6296
51.79.99.237,4502
45.162.135.201,999
148.113.194.171,80
8.213.156.191,3129
118.173.230.19,1080
59.7.246.4,80
103.191.115.252,82
47.251.74.38,161
177.38.245.106,55713
45.43.70.184,6471
38.10.250.5,999
103.86.1.25,4145
187.44.211.118,4153
154.66.108.9,10081
156.54.240.53,3128
203.30.190.46,80
46.109.146.244,4145
124.83.102.235,8082
217.52.247.77,1981
147.161.171.5,10230
194.39.254.35,80
185.51.92.108,51327
192.252.216.81,4145
62.171.176.129,18494
192.111.130.2,4145
103.18.47.79,4145
27.79.153.32,16000
82.147.123.185,10808
191.97.16.160,999
13.250.32.7,3128
47.237.113.119,8080
213.6.170.17,80
149.20.253.40,12551
51.222.155.142,80
200.32.105.86,4153
104.16.0.176,80
192.111.135.18,18301
78.47.103.89,8080
52.47.137.181,80
160.19.19.81,8080
104.192.202.11,1080
198.46.202.10,5290
95.56.254.139,3128
107.182.231.48,58695
184.181.217.206,4145
103.109.212.85,1080
241.251.23.23,8081
223.18.60.191,8080
190.61.48.24,999
157.230.226.230,1202
45.128.133.225,1080
154.113.121.60,80
206.206.69.159,6423
95.165.163.188,36496
155.93.96.210,8080
58.69.201.117,8082
98.162.25.7,31653
176.236.163.37,59311
51.158.64.130,16379
185.77.221.46,8085
67.227.113.103,5643
190.109.72.41,33633
152.67.99.80,80
213.171.214.19,8001
8.219.229.53,9080
132.145.19.122,1080
190.61.32.168,6969
92.118.132.125,8080
103.160.207.49,32650
193.108.119.63,80
123.140.146.10,5031
222.223.112.59,10800
8.212.151.166,9098
20.210.39.153,8561
186.219.215.147,4153
154.201.33.116,3128
67.225.250.37,30126
13.218.248.81,46172
103.174.102.127,80
203.156.190.5,5678
174.126.217.110,80
67.43.236.22,5747
222.165.223.138,41541
98.178.72.21,10919
147.45.178.211,14658
152.53.115.181,8037
114.249.211.252,8000
134.209.29.120,8080
103.146.2.151,33333
49.0.2.243,5430
200.41.60.33,4153
120.77.171.171,22
180.105.128.226,8089
36.90.59.221,4153
119.82.251.250,31678
184.178.172.11,4145
103.171.245.137,1080
177.85.65.177,4153
145.223.46.32,5582
200.52.148.10,999
188.234.158.66,80
103.172.116.81,47370
203.170.146.146,4153
181.143.64.100,48293
117.161.170.163,9160
8.242.178.5,999
112.78.138.163,5678
143.44.191.108,8080
103.195.65.139,6000
67.201.33.10,25283
104.143.224.3,5864
198.8.84.3,4145
160.19.18.163,1080
205.185.126.51,5556
89.218.8.152,1080
107.181.148.50,5910
120.77.203.0,443
157.125.220.80,8080
103.58.16.106,4145
46.202.67.85,6081
103.159.219.50,5678
65.21.52.41,8888
103.122.64.201,8080
175.139.179.65,42580
202.137.134.160,8088
121.29.81.125,1080
173.255.199.69,19151
84.241.188.138,8111
94.247.241.70,51006
184.181.217.201,4145
95.217.137.46,8080
188.165.220.50,62878
35.152.137.65,26038
185.128.242.4,45629
38.10.179.195,999
73.155.14.120,80
121.200.60.198,8010
177.43.72.250,5678
103.130.218.135,64720
61.130.151.230,7302
20.83.154.79,7070
155.254.9.2,36510
72.195.34.41,4145
78.135.105.217,50504
102.66.2.187,9999
103.248.123.197,53281
165.154.224.14,80
60.190.195.146,10800
113.204.4.142,10800
66.29.128.243,45155
136.233.136.41,43314
27.185.83.35,1337
186.97.236.242,5678
88.27.254.232,8080
171.5.1.96,4153
45.33.21.96,4748
177.137.148.191,4153
190.184.144.222,5678
111.111.108.141,3128
23.95.244.185,6138
80.234.103.155,7788
68.71.249.153,48606
119.2.48.12,9669
118.173.215.166,8080
102.141.30.2,33333
188.247.39.14,43032
51.158.117.213,16379
188.40.158.211,1088
80.211.120.191,8080
64.225.8.115,9994
119.93.122.233,4145
173.208.46.165,8800
189.203.181.34,1080
185.221.160.132,80
213.210.67.186,3629
38.250.126.201,999
146.83.118.9,80
72.10.164.178,25103
185.93.89.174,13831
159.223.166.21,25154
201.148.125.126,4153
143.255.140.28,5678
202.29.220.202,61507
103.134.239.210,5678
194.44.193.135,5678
138.199.233.152,80
181.39.12.230,999
95.182.78.8,5678
182.253.34.174,3128
98.162.25.23,4145
113.161.145.229,4153
196.204.24.251,8080
103.82.157.102,8080
98.170.57.249,4145
51.158.105.157,16379
134.209.29.120,3128
52.24.80.166,80
8.210.117.141,8888
102.182.143.186,8080
121.139.218.165,31409
49.67.131.211,1080
194.190.169.197,3701
23.27.91.222,6301
66.42.224.229,41679
103.105.103.1,3629
185.112.224.151,1080
72.195.34.58,4145
89.190.43.240,5678
5.23.104.251,1080
97.74.87.226,80
103.235.152.170,57413
37.27.253.44,8014
103.189.254.78,2222
27.79.191.169,16000
43.217.134.23,3128
198.105.100.129,6380
188.93.213.242,1080
46.227.36.152,1080
77.77.26.152,4153
38.127.172.23,11537
193.200.151.158,8192
45.134.50.151,80
122.99.125.85,80
61.111.38.5,80
202.169.51.45,8080
8.213.128.90,6969
161.35.70.249,8080
185.216.107.60,5637
78.153.225.20,80
192.252.214.17,4145
192.158.15.201,50877
142.54.239.1,4145
181.209.106.189,1080
37.26.86.206,47464
4.156.78.45,80
113.160.132.195,8080
95.220.110.1,80
41.164.247.154,1088
139.59.225.188,12827
120.224.234.71,7300
212.186.128.58,5678
89.46.234.150,5678
157.20.144.195,8089
77.241.20.215,55915
8.211.194.85,6666
190.144.224.182,44550
77.225.198.220,4673
138.199.25.13,3902
201.77.97.96,999
103.106.236.200,5678
103.95.13.37,80
203.202.245.99,9990
149.202.75.85,36666
199.233.238.6,2114
85.235.184.186,3129
161.35.70.249,80
125.25.40.38,8080
23.225.129.130,39877
38.49.138.132,999
8.217.147.173,8080
172.67.172.167,80
103.134.214.130,1648
170.106.169.126,3128
37.27.140.130,8007
192.236.160.186,80
137.184.100.135,80
200.52.153.194,5678
201.219.201.14,999
63.151.67.7,8080
64.225.4.63,9993
67.43.228.251,11925
213.230.124.108,8088
185.43.189.182,3629
200.81.122.235,4153
138.117.229.17,999
189.203.180.244,999
46.23.141.142,5678
109.125.128.71,5678
191.101.26.37,5776
176.214.78.230,5678
193.216.224.108,8192
45.194.53.62,80
91.103.29.150,3629
203.243.63.16,80
152.230.215.123,80
220.67.2.2,80
49.67.128.134,8089
159.203.41.116,80
143.198.241.47,80
36.91.233.114,5678
20.78.118.91,8561
202.93.247.42,8090
114.4.200.222,5678
217.69.121.54,5719
85.17.107.85,1976
88.245.138.87,1080
184.178.172.26,4145
62.84.187.33,3128
91.200.114.58,55749
45.7.210.199,4153
37.235.21.192,51327
77.34.77.97,4145
200.85.52.254,5678
103.12.246.197,4145
203.85.120.69,8080
194.150.71.0,7060
206.220.175.2,4145
122.3.50.128,8082
31.42.184.146,57752
91.124.253.166,6526
89.32.230.43,4145
103.170.185.226,80
196.0.111.194,48009
213.189.137.134,80
41.190.152.130,4673
177.129.249.170,8080
109.94.182.128,4145
145.223.46.206,5756
157.230.1.108,14070
190.14.224.244,3629
183.89.41.224,8080
162.240.19.30,80
103.59.203.65,4145
91.218.140.96,3629
209.145.60.213,80
191.252.204.220,8080
185.6.9.176,8072
64.83.246.100,5999
115.127.75.26,7777
190.54.12.74,5678
89.163.210.170,4857
125.141.151.83,80
193.233.210.88,8085
77.225.177.14,10801
194.28.91.10,5678
187.141.129.86,4153
146.103.3.167,7220
24.172.34.114,49920
222.67.12.185,1080
92.255.205.129,8080
139.59.234.208,50929
103.149.238.106,8080
185.172.129.138,3128
181.10.235.27,56034
59.53.80.122,10024
202.10.40.207,8080
42.112.209.68,5678
110.78.141.77,4145
41.222.229.82,80
202.69.38.42,5678
62.193.108.135,1976
192.3.54.198,3128
167.172.159.43,39019
186.224.225.82,42648
45.71.200.174,999
45.229.34.174,999
182.204.176.128,1080
109.110.78.70,5678
202.142.159.204,31026
194.4.49.128,10808
84.39.112.144,3128
16.26.88.4,28095
72.221.232.152,4145
103.102.141.40,4145
81.16.1.71,5678
149.200.200.44,80
142.147.244.202,6446
45.187.71.208,5678
47.88.104.126,3344
116.99.226.197,5317
51.15.252.246,16379
199.102.104.70,4145
64.64.115.106,5741
197.232.43.224,1080
147.75.34.105,443
66.135.16.53,80
137.74.173.77,33611
103.146.185.173,1083
154.96.8.40,1080
138.2.64.185,8118
189.250.135.40,80
51.159.134.210,3128
81.250.223.126,80
112.86.116.24,1080
181.229.38.117,5678
3.26.174.5,18609
3.96.211.99,8082
200.125.171.60,999
61.160.66.130,5555
190.128.228.182,80
160.22.22.85,5678
180.180.218.250,8080
195.201.147.185,1080
159.203.162.25,56479
221.218.214.21,8888
173.211.69.223,6816
209.145.59.247,11698
209.126.6.159,80
103.146.185.63,1081
41.57.6.45,8080
117.141.96.35,4145
192.252.216.86,4145
87.248.129.32,80
57.129.81.201,8080
190.116.2.52,80
104.18.17.51,80
109.135.16.145,49879
85.92.164.179,4145
194.59.204.87,9080
112.2.21.18,51080
69.60.121.59,44990
36.136.27.2,4999
37.27.253.44,8087
136.52.10.221,8888
47.52.238.234,10086
20.27.15.111,8561
115.21.99.135,4145
219.93.101.63,80
204.199.202.133,999
143.202.97.171,999
217.219.74.130,8888
123.140.160.40,5031
103.159.225.30,1080
91.199.93.32,4153
104.248.155.139,8118
110.168.29.221,8080
123.128.12.93,9055
36.95.231.205,5678
104.244.74.206,38118
103.156.248.240,8085
119.17.192.97,1080
185.97.114.179,3629
159.192.138.170,8080
222.59.173.105,45232
160.3.168.70,8080
185.171.24.5,29527
103.112.130.38,9091
190.109.2.89,4145
14.143.130.210,80
177.38.5.200,4153
49.156.38.126,5678
107.152.35.241,8080
189.161.3.231,10101
149.19.34.150,80
190.43.92.249,5678
51.75.206.209,80
213.14.32.66,4153
27.147.239.162,35010
125.141.133.46,5566
172.245.157.187,6772
101.91.242.198,6688
167.235.155.77,47287
104.248.225.143,1352
95.182.78.9,5678
91.213.249.200,80
102.216.69.176,8080
126.209.72.162,8082
134.19.254.2,21231
201.159.97.109,8081
204.199.120.21,999
103.206.208.135,55443
190.103.177.131,80
115.127.82.138,9090
46.171.28.162,59311
141.136.42.164,80
119.10.177.107,1080
195.138.65.34,5678
104.20.55.128,80
67.43.228.253,3863
183.132.60.69,8085
178.18.245.90,29910
23.227.39.167,80
41.86.46.112,8080
18.203.249.67,10010
134.73.109.2,5767
223.25.109.126,8199
72.221.171.135,4145
115.127.34.26,1088
5.42.87.164,56789
190.145.120.182,5678
181.129.74.58,30431
172.235.29.87,8080
172.67.181.2,80
165.227.47.201,80
209.250.230.101,9090
91.193.58.236,80
192.206.202.1,8080
198.8.94.170,4145
130.51.180.63,42377
185.200.119.90,8443
90.154.124.211,8080
218.2.112.243,80
94.182.146.250,8080
45.187.76.2,3629
102.38.17.193,8080
104.23.141.196,80
129.205.244.185,5678
201.182.251.140,999
43.249.143.166,8080
206.206.119.32,5943
117.161.170.163,9030
183.88.240.53,4145
150.230.59.34,8080
104.143.226.72,5675
36.64.5.162,5678
35.189.183.169,3128
175.29.175.22,13482
43.132.184.228,8181
142.93.129.142,3129
194.164.27.220,3128
37.27.253.44,8066
118.97.30.42,8099
46.29.116.6,4145
221.134.152.75,7302
103.121.62.2,5678
103.76.190.37,31756
192.46.233.113,10643
94.141.99.147,3128
57.129.81.201,3128
41.65.160.171,1981
117.95.7.82,8989
72.10.164.178,20655
152.53.115.181,8083
47.251.74.38,199
196.1.93.16,80
65.38.213.154,8881
31.207.47.30,11141
105.214.69.143,5678
193.31.27.11,80
212.156.217.147,4153
31.220.78.244,80
107.181.154.106,5784
52.78.241.34,3128
47.91.109.17,1000
62.12.146.142,3128
185.226.207.93,5642
142.147.114.50,8080
45.115.1.14,5678
200.116.198.222,9812
159.89.163.128,7497
89.58.45.94,38184
182.52.67.122,50801
192.73.242.77,9050
38.54.71.67,80
72.210.221.223,4145
51.38.155.24,46069
64.32.2.138,18342
190.128.241.102,80
194.87.69.136,8989
188.245.239.104,4001
47.90.205.231,33333
47.238.223.95,3128
216.158.246.90,51012
186.227.119.91,8080
139.255.97.157,14888
192.252.211.197,14921
190.110.99.189,999
179.107.159.103,8080
168.119.118.142,59651
103.155.54.38,83
118.193.59.74,10635
83.220.46.106,4145
103.143.116.44,35010
184.181.217.220,4145
178.95.181.82,33333
45.90.104.150,9090
173.234.58.65,8800
91.199.139.246,1111
84.236.185.247,61710
103.63.26.69,1080
37.27.140.130,8029
64.49.37.88,8085
51.89.68.78,9050
205.178.144.96,8447
96.72.230.45,34032
104.244.75.78,31534
91.213.119.246,46024
92.241.87.14,5678
213.168.210.76,80
45.238.57.1,3629
177.38.245.108,55713
201.108.133.162,3128
187.155.218.135,8081
203.160.61.104,4145
115.127.83.142,1088
38.240.40.10,6500
51.15.133.214,16379
46.99.210.63,3629
87.116.144.229,4153
185.139.56.133,4145
24.249.199.12,4145
176.112.96.2,3629
46.0.203.186,8080
202.144.134.150,5678
52.194.87.84,8080
163.172.161.35,16379
103.148.130.6,8080
161.35.91.95,80
72.10.160.170,14987
45.85.118.8,80
103.133.37.77,4153
190.61.88.147,8080
27.79.139.76,1001
179.40.75.1,61362
58.75.126.235,4145
191.243.54.245,41599
118.113.244.150,2324
103.158.253.4,12
173.249.2.58,5964
103.188.169.27,8080
181.57.138.70,4153
154.65.39.8,80
72.221.232.155,4145
45.22.209.157,8888
91.226.35.37,5678
103.116.118.10,4145
45.43.70.185,6472
45.12.28.164,1080
103.210.29.201,31433
4.245.123.244,80
85.221.249.213,8080
27.79.128.150,16000
200.233.131.170,808
45.6.101.98,4153
103.60.90.34,8181
194.186.35.70,3128
45.131.6.100,80
202.79.52.244,5678
184.181.217.210,4145
176.74.192.44,24822
177.67.136.25,4153
102.69.223.17,8080
182.204.179.34,1080
115.127.23.138,1088
93.183.125.11,1080
194.31.53.250,80
47.243.75.202,58854
103.187.98.245,1080
185.89.156.130,5678
201.218.144.18,999
133.125.38.119,80
78.61.27.207,5678
13.209.156.241,80
78.188.81.57,8080
173.234.250.197,8800
3.24.58.156,3128
69.94.136.71,8443
117.74.65.207,10003
62.171.132.27,39536
103.40.122.194,1080
114.103.88.2,8089
177.128.44.129,31337
171.249.152.75,5678
190.52.178.17,80
5.78.95.229,11407
89.116.250.189,80
66.29.128.244,23597
146.59.14.159,80
34.87.109.175,9400
172.105.107.223,3128
104.16.106.131,80
203.189.141.139,33333
81.103.105.130,8888
143.198.229.56,63794
27.76.13.34,10006
50.250.75.153,39593
167.86.93.118,8045
124.70.221.252,8499
188.114.99.230,80
103.247.23.181,1111
124.108.6.20,8085
104.248.158.27,25100
192.252.208.67,14287
95.217.104.21,24815
3.11.14.39,3128
199.96.164.208,8085
94.247.208.16,8123
58.216.109.14,800
103.146.170.65,5678
65.108.236.243,8026
172.67.66.171,80
82.146.37.145,80
77.238.79.111,5678
45.56.97.239,37669
202.166.219.80,4153
182.72.203.246,80
45.43.70.239,6526
51.15.196.107,16379
34.143.162.66,443
190.103.205.253,9097
103.51.21.250,83
188.95.20.139,5678
95.43.244.15,4153
193.151.130.114,8086
183.88.212.247,1080
115.127.62.50,1088
222.70.146.212,1080
103.136.170.191,8080
103.80.210.116,5678
167.86.93.118,8056
182.204.182.147,1080
137.184.100.192,37444
50.199.46.20,32100
178.215.163.218,4145
219.65.73.81,80
205.177.85.130,39593
62.201.233.59,4145
104.16.105.15,80
167.99.174.59,80
202.162.105.202,80
1.179.147.5,52210
89.58.45.94,44984
191.102.82.90,9991
81.161.236.152,8080
36.95.39.18,8080
190.5.77.211,80
103.82.8.189,4153
13.235.246.116,25396
1.179.199.130,33333
212.33.248.45,1080
103.154.230.112,8080
116.118.98.25,5678
118.113.245.142,2324
23.27.91.137,6216
50.2.44.65,8800
80.65.80.230,5678
181.209.106.187,1080
173.245.49.27,80
8.138.149.37,8889
80.91.125.238,8089
114.91.24.229,1080
173.212.245.45,41162
36.89.85.249,5678
123.182.233.70,7302
192.81.128.182,8089
160.251.142.232,80
143.42.194.37,3128
144.91.94.119,8061
213.21.53.119,4153
103.243.114.206,8080
31.42.184.144,57752
45.43.64.110,6368
185.51.92.84,51327
188.127.224.68,40000
193.30.122.197,80
1.180.0.162,7302
31.185.247.177,80
94.131.7.1,31487
202.151.163.10,1080
202.159.121.145,443
103.82.8.197,4153
12.218.209.130,13326
116.212.137.74,8080
201.182.251.142,999
103.55.22.246,8199
47.90.149.238,8443
177.93.44.53,999
163.44.253.160,80
102.0.0.118,80
41.59.90.175,80
181.143.207.10,33333
67.205.153.110,51528
50.2.44.176,8800
77.238.79.111,8080
41.65.55.10,1976
206.189.146.13,8080
13.221.134.55,3128
51.250.46.17,8080
222.212.85.149,5678
36.138.53.26,10017
103.78.170.13,83
98.162.25.4,31654
1.9.167.35,60489
103.109.158.235,4153
122.175.58.131,80
41.65.160.173,1976
8.215.15.163,8443
217.29.18.206,4145
195.30.85.37,32925
113.170.219.7,20104
95.111.231.71,8012
190.110.34.254,999
80.90.90.197,443
46.209.54.102,8080
47.56.110.204,8990
163.172.162.184,16379
195.228.65.164,5678
159.65.221.25,80
162.144.236.128,80
217.69.121.55,5720
5.75.155.221,8888
80.234.10.6,7788
51.158.98.211,16379
213.16.81.182,35559
201.217.51.9,4145
159.65.144.65,15302
177.234.192.44,32213
78.46.212.196,2033
91.243.192.17,3629
170.239.207.241,999
159.203.104.153,8200
41.215.122.65,8080
198.23.143.74,80
120.42.35.91,35010
148.72.177.90,8228
202.138.242.6,38373
184.72.36.89,80
43.153.3.241,443
103.37.82.134,39873
103.76.253.66,3129
154.84.84.89,80
184.174.24.95,6671
35.185.189.242,80
164.92.86.113,63358
51.158.79.141,16379
123.140.160.116,5031
212.83.143.49,36854
118.113.244.97,2324
91.121.48.221,38711
103.81.195.94,2020
59.47.238.4,8088
23.227.38.215,80
185.86.5.162,8975
177.73.248.26,4311
91.221.240.254,1080
123.20.45.118,1010
95.111.231.71,8021
68.185.57.66,80
176.109.173.58,4145
173.249.20.169,9060
89.39.114.31,4153
59.57.15.180,6527
8.213.156.191,8081
102.222.62.111,8080
194.44.74.118,1080
192.252.211.193,4145
93.190.138.107,46182
128.199.142.101,14061
103.164.112.134,4145
124.131.235.144,8118
211.251.236.253,80
94.250.250.154,3128
213.74.223.76,4153
118.70.16.27,6868
202.136.89.142,27503
103.102.85.1,8080
125.25.40.41,32650
199.102.107.145,4145
107.181.154.58,5736
36.50.135.105,37432
178.16.130.81,80
104.200.135.46,4145
140.250.144.18,1080
125.27.10.84,4153
78.46.212.196,1021
80.194.38.106,3333
159.69.214.139,3128
8.211.51.115,9080
103.187.162.92,8080
47.245.117.43,80
202.129.185.189,8080
41.254.48.66,1981
185.238.228.122,80
179.96.251.161,5678
67.201.59.70,4145
51.159.28.39,80
104.16.143.127,80
201.234.24.1,4153
103.137.91.250,8080
117.202.20.70,1088
103.169.130.202,8080
37.26.86.206,4145
37.27.253.44,8093
217.197.151.182,5678
199.58.185.9,4145
38.154.99.196,8800
218.77.183.214,5224
82.103.116.126,4153
155.248.213.236,3128
47.113.219.226,9090
111.132.16.238,3389
8.213.128.90,9091
206.42.59.67,33333
212.192.31.37,3128
103.82.134.7,32629
50.238.47.86,32100
51.81.245.3,17981
31.40.248.2,8080
79.174.12.190,80
180.106.86.251,7891
46.188.2.42,5678
85.143.254.38,1080
98.64.128.182,3128
139.144.180.43,80
82.69.16.184,80
45.67.215.20,80
45.43.239.168,27070
103.82.20.108,51980
202.162.105.202,8000
134.209.232.237,12040
174.77.111.198,49547
125.228.94.199,4145
94.154.127.215,8085
155.254.38.12,5688
123.141.185.139,5031
190.136.50.67,3128
95.178.108.189,5678
217.69.121.126,5791
47.238.60.156,8081
202.40.185.145,100
122.3.139.85,1080
193.142.36.224,8085
202.58.77.194,8031
135.181.154.225,80
103.86.1.34,4145
31.220.4.240,18967
181.13.198.90,4153
116.103.25.152,16000
190.14.5.163,5678
222.70.145.9,1080
103.23.204.146,4673
110.159.150.35,3128
64.62.219.84,27686
64.225.8.179,10000
52.79.107.158,8080
116.118.98.26,5678
154.72.90.74,8081
92.222.237.74,8888
103.76.86.23,8080
68.225.17.237,4228
147.124.212.31,46856
118.163.27.49,8118
49.229.36.172,4153
109.169.135.102,7788
202.137.141.212,5678
172.67.188.25,80
147.161.246.38,11814
173.214.176.19,5990
38.51.49.84,999
198.23.214.206,6473
117.5.72.4,2109
91.151.88.220,6618
27.74.144.8,10007
37.27.253.44,8035
74.119.144.60,4145
81.12.104.43,3629
114.134.90.110,10800
193.142.36.205,8085
37.152.171.39,4153
47.91.29.151,3128
195.114.209.50,80
166.88.238.44,6024
103.132.92.110,1080
65.21.190.215,443
132.148.165.102,49506
110.136.161.167,8080
37.128.107.102,4145
185.216.107.240,5817
116.104.41.109,5000
206.238.237.198,80
36.229.100.73,80
111.72.198.105,2324
41.33.203.238,1980
184.174.43.48,6588
104.16.0.89,80
197.232.36.85,41890
115.127.80.1,9090
188.247.61.234,8080
104.239.78.209,6154
41.254.53.70,1981
72.195.34.59,4145
123.141.181.1,5031
123.141.185.101,5031
103.70.206.65,59311
98.130.47.34,3128
188.68.52.220,9050
109.176.244.224,2053
109.111.212.78,8080
162.253.68.97,4145
43.251.84.242,8080
150.158.135.201,24289
143.137.198.204,5678
182.160.116.125,1088
194.1.232.150,33333
31.128.42.147,49275
192.252.209.155,14455
185.162.229.188,80
115.243.142.185,5678
139.5.64.108,80
95.217.28.16,1234
185.215.160.120,65056
193.142.36.140,8085
178.128.108.212,6415
93.190.138.24,20629
27.189.135.108,8089
103.12.246.49,4145
125.119.190.66,3333
98.190.239.3,4145
194.186.127.60,80
103.126.218.179,5058
118.173.230.149,1080
149.126.101.162,8080
177.131.29.208,4153
4.188.236.47,80
190.2.145.163,11093
110.77.236.140,4145
103.147.182.36,80
103.156.15.181,8080
184.170.245.148,4145
45.61.187.67,4007
145.223.46.78,5628
103.57.134.250,45958
67.225.243.221,63809
81.12.169.254,4153
202.12.80.8,84
84.36.35.199,8080
61.148.199.206,4145
185.238.228.96,80
47.100.207.117,8080
95.251.231.59,8118
222.68.37.254,2324
206.62.165.42,999
43.216.143.123,9008
51.158.108.134,16379
218.93.48.26,10800
47.88.59.79,82
92.207.253.226,38157
43.153.174.197,443
72.214.108.67,4145
201.150.119.170,999
192.99.244.173,15590
212.107.27.197,7952
45.12.30.21,80
94.46.172.104,80
197.234.13.25,4145
85.206.160.115,32564
0.0.0.0,80
192.252.214.20,15864
178.49.14.57,3128
72.206.181.103,4145
36.50.112.145,8080
192.169.226.96,31640
103.193.144.81,8080
82.165.105.48,80
51.75.126.150,3307
146.70.80.76,80
177.136.124.36,3629
43.133.136.208,8800
31.207.38.66,80
104.18.41.150,2087
179.107.83.235,5678
110.232.66.3,8080
80.249.112.162,80
210.245.51.76,4145
68.71.241.33,4145
209.159.153.21,46234
50.122.86.118,80
202.148.10.130,64321
181.48.70.30,4153
69.27.14.138,43014
66.228.47.125,110
118.136.82.136,5678
198.37.99.186,5977
186.96.124.242,4153
178.255.44.60,58968
78.47.127.91,80
103.67.84.66,7717
143.110.183.107,3128
35.194.228.247,3128
103.48.68.83,83
172.245.157.48,6633
103.206.129.150,60606
181.74.81.195,999
180.180.124.248,49992
43.216.148.22,37425
45.43.81.62,5709
5.182.26.129,4145
66.76.173.38,80
167.86.93.118,8075
153.127.195.58,4444
5.133.96.148,4153
94.249.221.93,49200
45.188.167.25,999
102.38.22.121,8080
103.76.137.2,54665
86.100.63.127,4145
213.145.137.102,37447
188.240.121.95,1080
118.174.209.75,4145
223.206.124.18,8080
155.50.209.50,3128
201.174.73.70,11337
5.78.44.6,8080
196.1.95.124,80
155.50.215.37,3128
207.178.166.187,80
54.210.19.156,3128
195.110.59.82,80
45.61.188.134,44499
167.86.93.118,8007
27.147.129.26,58080
51.15.240.207,16379
180.249.141.147,3128
46.107.230.122,1080
200.108.190.110,9800
89.22.17.62,43110
3.10.207.94,8000
88.255.218.79,8080
190.12.95.170,37209
173.209.38.72,12028
103.10.99.110,5678
146.103.56.141,5689
182.16.171.65,51459
77.75.95.14,80
190.104.26.227,33638
109.232.106.150,52435
102.213.241.70,8080
114.236.137.41,22000
140.235.0.200,8085
103.74.107.241,51101
34.87.103.220,80
185.226.113.180,38030
170.244.0.179,4145
202.84.76.190,5678
45.12.150.82,8080
45.6.94.159,4153
213.226.11.149,59086
221.143.248.55,3128
154.205.147.234,8080
184.178.172.5,15303
41.79.10.218,4673
103.30.181.182,8080
104.143.226.22,5625
13.232.245.132,80
142.11.222.22,80
125.141.139.110,5566
154.113.172.58,5678
67.43.228.253,3483
103.94.5.210,8080
116.203.27.109,80
23.27.196.190,6559
190.95.132.189,999
72.195.114.184,4145
106.75.171.132,3000
107.172.116.57,5513
102.64.116.1,4145
147.161.200.244,9480
103.242.175.241,8899
38.154.199.94,5248
104.247.163.246,62116
201.218.144.19,999
206.189.186.59,8080
121.134.198.156,4145
95.31.42.199,3629
103.210.57.243,80
184.178.172.25,15291
142.54.236.97,4145
8.211.195.139,9080
81.44.83.70,8080
103.25.192.126,8181
51.195.139.95,44648
31.43.52.216,41890
187.49.207.65,4153
80.63.107.90,4153
96.70.52.227,48324
182.150.116.147,1436
117.4.107.199,51796
72.10.160.170,19303
152.53.115.181,8087
14.207.24.176,8080
36.37.224.125,8080
172.67.70.151,80
65.2.11.52,34967
223.25.109.170,8199
159.69.153.169,5566
202.159.35.153,443
199.187.210.54,4145
18.179.196.43,3128
103.80.98.46,8080
171.243.25.44,5311
132.148.245.112,19483
178.253.197.186,4153
160.19.18.209,8080
67.43.236.21,31517
108.136.220.77,4005
106.14.12.240,8081
176.126.84.126,30590
37.27.253.44,8067
111.132.16.22,3389
106.240.89.60,4145
104.233.26.145,5983
176.9.238.176,16379
163.172.171.22,16379
184.181.217.213,4145
124.41.240.203,37704
91.247.250.215,4145
181.113.135.254,50083
20.122.245.43,8080
51.15.210.79,16379
202.131.246.250,5678
51.254.132.238,90
119.3.113.151,9094
222.68.36.181,2324
174.64.199.79,4145
47.237.107.41,8080
181.41.194.186,80
171.41.131.83,2324
182.52.63.95,4153
201.174.239.28,4153
185.23.124.226,8080
64.20.43.89,1080
165.225.72.38,10801
171.104.143.56,33080
1.179.148.9,36476
178.35.177.242,3629
151.236.24.38,80
47.91.65.23,3128
45.190.141.241,1080
116.203.51.18,8118
185.215.54.66,3629
179.60.53.28,999
98.162.96.41,4145
91.242.228.37,8085
176.99.2.43,1080
167.86.93.118,8063
13.212.95.135,8000
14.102.152.41,80
190.111.209.207,3128
38.153.135.218,5598
213.19.205.18,54321
185.244.208.195,23699
125.141.139.198,5566
178.128.157.114,443
104.197.84.43,80
147.75.88.115,80
212.34.116.58,4145
103.221.254.7,8291
106.245.183.58,4145
150.230.207.167,80
192.111.137.35,4145
145.223.46.42,5592
167.99.236.14,80
68.1.210.189,4145
4.195.16.140,80
13.233.114.15,29489
178.49.22.23,1080
172.104.49.195,8080
67.227.36.210,6252
161.123.5.241,5290
23.237.210.82,80
69.49.246.155,59227
107.173.137.86,6340
208.180.122.158,80
104.248.144.71,8080
205.185.126.15,5556
210.95.145.226,3128
188.255.245.205,1080
202.51.103.154,5678
170.106.76.24,26164
128.199.202.122,8080
49.13.165.213,61170
67.43.236.21,5459
20.27.11.248,8561
198.105.122.193,6766
72.211.46.99,4145
49.67.128.182,8089
103.216.51.36,32650
155.50.208.37,3128
191.37.156.29,5678
162.214.225.223,47783
85.214.107.177,80
117.198.221.34,4153
186.211.2.54,4145
168.227.158.25,4145
116.103.154.55,5013
45.85.119.240,80
92.113.42.171,1080
57.129.81.201,8081
85.172.66.254,1099
47.76.176.231,8888
117.74.125.14,1133
181.212.41.171,999
123.31.12.184,45255
182.204.180.14,1080
192.99.201.39,18336
154.118.231.30,80
181.214.1.237,80
47.180.63.37,54321
37.130.25.184,5678
142.54.226.214,4145
80.235.108.14,8080
127.0.0.7,80
118.67.220.225,4145
43.159.29.14,29380
172.245.7.117,5170
159.192.97.129,5678
167.71.241.136,33299
27.72.139.10,5657
177.72.156.75,8080
156.228.100.55,3128
96.9.86.218,5678
156.244.11.6,2000
20.187.77.5,80
192.111.138.29,4145
8.213.156.191,194
202.152.15.2,4145
103.171.82.213,8080
47.91.120.190,9098
142.54.229.249,4145
103.174.122.197,8199
213.226.119.120,4857
222.68.37.46,2324
41.65.236.42,1981
170.78.211.161,1080
97.74.233.64,45780
102.222.161.143,3128
168.138.50.91,80
98.181.137.80,4145
111.125.242.34,80
173.234.58.76,8800
35.177.23.165,10535
91.213.99.134,3128
185.161.186.133,54321
123.154.155.218,8085
170.64.240.100,443
18.142.81.218,80
212.175.88.208,8080
72.221.171.130,4145
104.143.226.66,5669
20.27.14.220,8561
92.67.186.210,80
31.59.20.187,6765
45.128.133.177,1080
38.50.130.93,5678
45.181.168.6,4153
103.82.37.125,8888
181.115.75.102,5678
217.150.77.31,53281
213.14.31.123,35314
94.232.125.200,5678
213.6.38.50,59422
184.60.66.122,80
200.54.22.74,80
41.33.66.228,1981
45.188.166.52,1994
95.182.78.4,5678
124.41.240.177,52480
162.55.8.72,26379
136.243.223.68,8080
107.181.148.221,6081
116.204.160.111,8080
206.238.237.109,80
172.93.111.235,48938
41.191.203.161,80
146.59.70.29,51138
105.234.148.210,35010
160.187.191.3,8082
103.235.199.100,25566
81.30.177.75,1080
37.26.136.224,4153
192.203.0.238,33333
45.234.100.102,1080
81.12.157.98,5678
121.101.186.201,43296
20.78.26.206,8561
33.4.188.25,1080
138.2.68.129,3128
172.67.203.108,80
103.20.88.6,8080
5.135.136.60,9090
142.54.231.38,4145
201.234.24.89,4153
219.93.101.60,80
31.57.87.229,5914
167.71.228.152,29206
198.105.100.67,6318
27.79.164.240,16000
105.29.93.193,4145
103.4.118.130,5678
67.43.228.251,14491
38.170.173.140,7691
45.91.93.166,26649
34.29.41.58,3128
47.91.110.148,55443
202.137.144.228,8080
174.77.111.197,4145
180.180.171.113,4145
213.59.129.10,7777
162.220.247.58,6653
139.59.1.14,8080
199.127.176.139,64312
103.75.117.79,80
60.174.167.40,4999
31.44.82.182,5678
180.94.68.34,8080
104.239.78.153,6098
67.43.228.252,24433
188.190.176.114,5678
47.242.53.34,39427
50.63.12.101,31130
27.79.211.165,8080
72.10.160.170,3949
103.60.136.129,4153
123.140.160.68,5031
184.170.248.5,4145
218.75.69.50,56430
154.239.9.94,8080
199.96.167.104,8085
156.200.116.71,1981
166.88.195.248,5880
81.17.87.42,5678
45.147.8.171,8085
139.59.1.14,80
103.157.219.4,80
8.211.200.183,8008
103.169.148.2,1111
98.170.57.231,4145
60.2.44.182,34659
47.76.211.237,8888
157.100.6.202,999
107.181.161.81,4145
63.141.128.219,80
173.249.30.165,3128
59.92.70.176,3127
198.105.100.8,6259
114.91.26.39,2324
178.254.168.74,58753
3.12.178.169,80
171.228.122.168,5107
148.72.212.252,46528
185.93.89.147,4529
82.103.70.227,4145
185.67.100.105,4153
154.73.29.129,8080
51.75.126.150,57328
51.222.204.132,80
211.128.96.206,80
85.238.74.91,8080
40.76.69.94,8080
175.139.200.17,4153
202.55.175.237,1080
47.56.110.204,8989
198.105.100.173,6424
91.107.203.75,8080
34.143.143.61,39698
145.223.46.159,5709
177.93.58.33,999
190.225.164.15,33333
104.16.0.41,80
103.219.75.2,8080
119.235.19.142,5678
173.208.46.182,8800
51.15.226.238,16379
118.173.73.118,4145
182.252.74.145,8080
217.69.201.247,8181
173.236.187.104,40355
192.111.139.162,4145
184.82.48.49,8080
161.35.98.111,8080
156.228.99.254,3128
68.71.245.206,4145
65.21.131.27,80
82.137.250.156,4145
103.164.212.125,8080
72.195.101.99,4145
23.247.136.248,80
200.43.231.17,4145
167.86.93.118,8037
222.68.39.0,2324
142.54.228.193,4145
1.10.133.77,4145
164.70.95.127,3128
121.230.9.96,1080
35.154.216.140,8402
120.26.66.53,1080
47.238.60.156,9098
168.205.217.78,4145
52.41.249.10,80
207.180.252.117,2222
69.164.206.96,13024
42.118.166.36,3128
45.133.114.190,8085
143.42.66.91,80
35.209.198.222,80
69.58.12.208,8213
31.58.151.67,6058
213.136.78.200,4944
101.51.121.29,4153
138.68.60.8,80
41.60.233.182,5678
51.77.141.29,4662
192.111.139.165,4145
38.154.195.187,9275
95.217.195.146,9999
104.17.62.217,80
188.245.87.46,3129
58.34.34.186,10800
41.65.236.47,1976
177.81.25.226,8080
202.145.11.220,5678
154.79.242.178,10801
202.131.235.138,4153
88.87.79.18,3629
45.43.81.110,5757
31.58.18.30,6299
184.181.178.33,4145
156.67.217.159,80
72.10.160.172,11267
197.211.24.206,5678
51.15.223.12,16379
45.136.244.245,44531
136.232.116.2,43314
104.143.226.100,5703
185.226.207.231,5780
213.172.89.227,4153
199.116.114.11,4145
178.151.134.232,5678
41.86.252.91,443
180.191.36.128,8181
61.6.214.120,554
45.43.70.103,6390
148.251.157.89,9050
113.53.29.228,13629
159.224.66.253,5678
47.91.115.179,8081
123.136.29.182,5678
94.154.127.20,8085
70.166.167.55,57745
95.128.142.76,1080
124.160.173.7,3128
119.46.2.245,4145
131.221.233.11,4153
45.249.78.25,83
103.159.96.141,8080
185.244.208.193,37430
87.106.254.50,53794
36.89.251.210,5678
45.200.53.163,10179
31.58.16.54,6021
50.235.92.65,32100
184.168.146.10,31661
72.10.160.170,22221
138.201.21.218,15233
198.23.239.116,6522
146.19.196.173,54337
211.21.125.32,4153
153.19.91.77,80
93.116.57.4,4153
34.135.166.24,80
47.242.3.214,8081
157.15.51.14,8080
107.178.9.186,8080
187.60.67.218,5678
103.151.47.22,46889
103.150.110.202,9969
193.124.225.217,3128
201.249.152.172,999
138.197.102.119,80
141.11.241.127,8080
198.105.122.224,6797
157.230.191.76,56996
119.2.54.25,5678
222.209.81.12,10800
103.174.178.137,1020
187.141.184.235,8080
201.174.175.82,999
35.183.6.7,17210
85.217.192.39,4145
37.27.32.80,80
198.23.239.221,6627
192.111.129.145,16894
82.153.217.180,8080
138.68.60.8,3128
49.71.105.203,8888
106.52.240.130,2080
103.157.13.75,84
112.198.132.199,8082
37.143.62.214,5432
8.222.151.218,5566
117.177.250.148,8081
41.242.69.196,5678
104.250.133.67,8080
205.185.116.159,5556
72.210.208.101,4145
51.15.209.188,16379
34.87.109.175,443
191.101.1.116,80
185.158.114.14,25616
67.43.236.18,28775
111.132.16.69,3389
144.91.78.34,20269
163.172.132.238,16379
125.66.165.154,7302
218.3.253.238,10800
168.90.255.60,999
104.37.175.200,22292
174.75.211.222,4145
46.214.153.223,5678
188.133.160.22,4145
38.154.99.246,8800
98.188.47.132,4145
91.103.120.57,80
184.82.142.18,4145
43.229.127.26,8080
122.52.196.36,8080
45.168.219.106,4153
143.110.186.10,6647
37.27.253.44,8091
162.55.26.132,31280
89.38.129.15,3128
81.0.101.130,4153
212.83.143.151,31442
103.197.46.179,4153
1.212.157.114,4145
84.52.123.163,4145
178.62.229.28,3128
91.132.124.158,8085
36.91.62.47,52978
62.122.201.246,50129
1.32.59.217,31981
103.161.34.214,9999
67.43.228.251,8197
175.158.44.70,7777
45.189.108.161,8899
203.178.90.76,3389
37.27.253.44,8026
34.126.187.77,80
122.3.35.216,8081
31.59.33.163,6739
177.229.210.50,8080
91.201.119.198,1337
14.241.133.207,8080
167.86.93.118,8026
37.18.73.60,5566
38.56.70.97,999
212.115.232.79,10800
177.186.130.95,8080
162.241.137.197,55943
93.175.194.155,3629
84.247.164.136,3128
193.123.252.70,35973
88.255.102.123,8080
177.234.192.45,32213
67.227.36.100,6142
190.216.56.1,4153
217.23.1.5,11443
45.159.23.149,8085
162.220.247.92,6687
94.23.9.170,80
104.248.197.67,1080
165.154.236.214,80
222.68.37.97,1080
181.209.106.188,1080
81.143.236.200,443
193.201.126.104,3129
38.240.45.111,3128
107.152.98.5,4145
8.213.197.208,808
103.190.60.28,9090
159.138.35.22,64167
72.10.164.178,19139
104.245.146.82,3128
40.192.100.37,3128
103.76.105.30,8080
5.160.146.195,8080
201.158.15.134,35010
196.202.210.73,32650
182.204.178.194,1080
54.36.81.217,8080
72.10.160.91,25129
102.39.119.71,5678
168.194.224.36,4153
62.74.223.178,33333
198.8.94.174,39078
94.231.192.97,8080
185.162.231.4,80
91.132.125.151,8085
88.42.237.102,8080
171.244.68.28,5678
23.27.196.35,6404
45.7.65.253,999
203.189.150.48,8080
93.184.7.26,1080
146.103.3.88,7141
176.9.238.173,47679
37.211.50.134,8080
20.44.206.138,80
104.19.233.117,80
18.100.217.180,3128
45.43.81.114,5761
178.220.148.82,10801
207.244.254.27,7000
122.252.179.66,5678
135.181.78.38,60063
94.154.127.142,8085
216.154.201.132,54321
103.127.204.116,27416
8.220.141.8,8443
222.68.42.88,1080
94.155.175.135,8080
89.41.106.8,4145
65.108.236.243,8001
185.226.204.51,5604
172.245.233.138,1080
31.211.130.237,8192
110.34.166.181,4153
72.10.160.90,8223
138.68.235.51,80
5.161.103.41,88
188.143.169.22,33333
189.126.14.226,1080
45.12.150.82,1080
184.22.0.122,4153
174.77.111.196,4145
91.205.41.109,52606
193.176.242.186,80
51.84.110.224,3128
135.181.211.50,10366
89.116.121.201,9051
166.88.224.16,5914
154.194.132.199,1080
140.235.3.27,8085
203.205.34.58,5678
34.243.202.122,3128
37.27.253.44,8081
27.79.239.226,16000
202.154.18.160,8084
199.60.103.160,80
149.129.255.179,9098
155.50.250.163,3128
110.77.163.5,4145
23.105.170.34,20672
31.59.13.23,6293
24.249.199.4,4145
13.57.11.118,3128
161.97.136.251,3128
1.1.109.141,9999
202.4.125.221,1088
181.209.107.138,4153
213.178.39.170,8080
45.77.153.183,10284
49.64.85.26,8080
216.56.48.118,9000
200.63.107.118,8089
31.58.18.11,6280
106.14.255.124,8080
103.211.8.189,44581
16.170.1.8,80
125.25.43.202,8080
45.43.81.233,5880
190.13.147.93,5678
118.70.13.38,41857
51.178.86.221,3128
140.206.81.178,1080
8.212.151.166,10243
173.214.176.2,5973
5.78.89.192,8080
46.39.105.157,8080
36.92.87.73,5678
103.159.96.146,3128
156.228.95.213,3128
178.33.162.89,58574
192.73.244.36,80
3.72.40.248,50202
77.233.5.68,55443
160.251.74.65,18202
146.103.3.46,7099
69.49.246.33,62975
158.101.175.124,5566
203.175.127.240,8080
172.64.149.72,80
187.210.136.88,4153
97.105.12.186,4153
38.91.107.229,34261
212.83.136.242,5836
103.93.93.114,3127
188.164.199.199,36938
45.249.79.190,3629
41.204.63.118,80
156.240.223.247,8118
1.179.148.33,1080
38.162.6.91,3128
170.246.198.24,5678
185.200.38.142,8080
207.180.250.238,80
159.203.61.169,3128
143.110.232.177,80
51.158.105.107,16379
85.237.62.189,3629
111.68.31.134,40385
103.162.54.203,8080
162.241.181.215,16619
72.10.160.92,28531
162.240.73.148,40920
27.147.177.74,58080
192.252.220.92,17328
167.99.124.118,80
103.165.155.147,8080
138.201.139.252,12344
174.138.30.119,443
138.2.16.251,8123
92.119.74.49,5678
216.10.27.45,6723
46.202.59.181,5672
198.105.100.74,6325
34.87.109.175,80
181.209.106.190,1080
89.117.145.245,3128
38.127.179.140,11537
5.180.81.204,3129
177.73.248.26,55290
172.232.121.132,8080
51.15.228.52,8080
103.69.20.28,58080
103.60.204.18,80
195.62.50.107,8080
119.237.43.106,80
171.243.26.127,50718
152.228.212.223,29272
194.39.254.196,80
104.193.172.139,53556
31.170.19.241,4153
200.54.194.13,53281
8.42.68.109,39593
103.200.135.227,4145
94.131.7.1,31876
149.202.172.113,80
187.94.105.30,4153
47.88.16.13,13579
175.144.198.226,31694
72.217.216.239,4145
3.101.76.84,18242
116.105.165.83,1080
89.238.206.2,33333
103.242.119.88,80
46.101.102.134,3128
8.220.141.8,80
181.176.221.151,9812
199.96.165.180,8085
190.110.97.150,999
181.209.96.227,4153
125.25.33.93,8080
171.228.130.75,26180
108.161.128.43,80
184.178.172.23,4145
175.29.178.34,10808
81.176.228.191,1080
154.201.34.236,3128
15.235.132.246,8080
58.219.241.53,3389
149.14.243.178,10878
41.77.188.131,80
183.88.247.52,4153
74.208.83.188,80
98.154.21.253,4228
91.203.114.71,42905
123.154.238.15,8085
37.27.253.44,8085
31.59.33.177,6753
197.245.83.20,5678
186.155.230.114,999
173.211.68.77,6359
103.243.177.129,8080
170.210.121.190,8080
45.131.4.22,80
111.132.16.156,3389
5.133.193.54,45803
221.224.140.140,51080
116.237.114.4,5678
181.119.86.177,999
47.183.197.188,2916
111.132.16.17,3389
103.161.69.217,8469
201.182.251.141,999
47.79.121.83,1080
118.113.245.112,2324
103.130.145.197,80
213.250.198.66,4145
45.65.113.18,27676
103.73.101.16,1080
190.199.219.121,8080
13.134.237.193,9013
61.216.156.222,60808
50.193.36.173,8080
167.71.250.32,43965
103.234.55.173,80
190.186.237.103,80
8.212.165.164,3128
103.147.246.185,3127
67.22.28.62,8080
188.169.84.30,5678
157.66.16.52,8080
108.175.23.1,13135
133.18.234.13,80
190.249.138.148,8080
116.102.254.181,5102
92.113.7.104,6830
124.133.20.234,7302
13.232.213.216,3128
45.173.8.14,999
45.229.172.157,4145
191.7.189.184,5678
103.156.14.165,5678
138.59.177.117,5678
222.67.8.128,1080
76.26.114.253,39593
92.222.237.95,8898
187.19.127.180,4153
155.50.253.163,3128
116.99.238.131,54226
103.82.38.19,8888
154.6.160.179,37198
42.96.15.62,28725
125.228.143.207,4145
105.235.193.46,5678
183.89.139.38,4153
198.74.51.79,8888
8.209.255.13,3128
103.210.35.98,4145
124.121.177.204,8080
115.127.36.190,1088
54.37.115.191,37748
5.78.100.74,8080
178.44.156.83,7788
178.128.167.129,1080
205.185.123.62,2555
190.61.84.166,9812
112.205.92.14,8080
213.222.34.200,4145
104.16.0.10,80
111.72.195.223,2324
159.69.57.20,8880
123.58.255.119,19998
111.132.16.11,3389
109.121.50.69,1080
119.18.145.147,45326
103.159.88.72,29001
115.144.8.91,80
45.70.236.194,999
218.78.65.202,6688
185.244.36.237,34960
92.205.60.110,55539
146.103.3.127,7180
185.226.204.89,5642
43.255.113.232,84
205.185.114.78,5556
104.17.239.10,80
115.127.2.228,5678
125.228.77.228,1081
8.220.204.215,12000
34.143.162.66,9400
200.105.192.6,5678
209.97.163.81,8888
103.151.41.7,80
151.22.181.205,8080
5.45.126.128,8080
202.40.181.220,31247
217.149.98.98,4153
18.230.17.0,3128
198.105.122.206,6779
197.234.13.39,4145
104.20.16.217,80
125.87.92.78,2324
37.27.253.44,8073
177.38.245.110,55713
45.70.236.121,8080
185.118.155.202,8080
91.103.120.37,80
135.181.25.83,3636
103.81.85.121,1234
181.78.64.237,999
103.149.130.38,80
202.141.242.3,55544
3.35.134.107,3128
168.205.217.92,4145
51.15.5.21,60349
135.148.120.6,80
213.197.136.218,5678
71.121.234.208,80
37.187.88.32,8001
45.32.169.213,61790
5.133.214.122,22799
94.249.220.135,49200
192.111.139.163,19404
31.59.33.83,6659
203.194.21.241,4153
191.7.208.101,31576
103.59.200.26,4145
109.248.236.150,9898
88.204.216.142,33156
177.137.207.166,1080
157.100.55.143,999
90.84.17.133,3128
203.84.141.246,4145
87.121.49.238,4145
174.138.62.182,43715
185.162.231.178,80
67.43.236.18,3927
220.247.174.42,5678
91.90.114.237,1080
37.27.203.159,8063
186.103.130.91,8080
222.68.36.25,1080
202.159.107.17,443
159.69.31.188,40424
95.216.222.220,8080
49.12.234.231,10040
202.166.211.14,48293
103.126.87.82,8080
179.1.133.33,999
85.237.51.73,4145
51.178.182.200,63172
159.224.243.185,61303
36.76.224.8,8080
81.16.248.246,25566
166.88.224.179,6077
118.172.47.97,51327
125.227.225.157,3389
185.36.145.215,80
107.181.148.85,5945
114.91.25.59,1080
88.119.49.4,4153
23.227.39.233,80
103.174.178.145,2005
87.95.143.37,80
135.234.106.253,80
45.131.6.124,80
155.0.181.254,41174
105.214.26.230,5678
190.119.132.60,80
176.74.197.163,36918
201.134.41.110,443
47.76.203.173,8888
185.87.121.35,8975
103.140.188.155,2121
185.236.202.205,3128
45.43.81.10,5657
172.67.58.157,80
37.27.253.44,8089
184.178.172.3,4145
164.68.101.70,8888
90.182.147.170,4145
72.211.46.124,4145
45.146.163.31,80
186.251.255.73,31337
8.221.139.222,8443
200.192.236.242,1080
47.251.11.225,3366
192.111.130.5,17002
103.48.183.113,4145
103.134.165.38,8080
108.136.117.229,3129
136.244.89.35,10487
201.168.8.74,999
138.68.60.8,1080
8.219.97.248,80
201.184.75.212,4145
23.251.62.210,10080
185.216.18.138,44550
116.102.107.17,8080
184.181.217.194,4145
72.195.34.35,27360
72.195.34.42,4145
38.154.99.228,8800
23.27.75.238,6318
66.235.200.171,80
87.239.31.42,80
16.171.242.247,57
72.10.164.178,19699
8.220.136.174,12000
72.10.160.174,30447
116.107.102.199,12003
109.197.55.234,1080
122.129.84.12,8080
149.57.17.209,5677
111.72.194.201,2324
85.30.215.48,60541
198.105.100.124,6375
14.181.51.25,1001
98.162.96.53,10663
103.174.178.133,1020
41.216.190.237,8080
45.236.44.133,3128
111.132.16.70,3389
102.23.228.251,8080
41.174.152.29,12391
103.109.57.226,5566
103.125.154.233,8080
88.255.102.114,1082
34.88.57.53,3128
59.45.13.219,3629
103.154.87.12,80
176.117.237.132,1080
68.183.90.210,59166
64.225.4.85,9997
8.213.197.208,8080
200.108.197.2,8080
144.91.106.93,3128
51.38.32.142,46627
98.162.25.29,31679
172.67.177.204,80
213.32.252.134,5678
129.126.65.78,4153
112.78.170.254,5678
162.255.108.254,5678
80.252.137.246,8080
81.30.27.147,33333
104.168.118.107,6063
41.33.145.219,1981
67.43.236.20,5479
199.119.74.239,33333
184.168.47.185,80
80.234.21.207,7788
45.65.227.97,999
62.84.120.61,80
139.59.7.217,36590
188.134.1.49,3629
166.88.58.199,5924
104.143.224.181,6042
87.248.171.0,49650
91.99.78.151,80
149.20.253.126,12551
103.85.60.129,3629
176.33.13.54,3310
103.158.252.196,8090
95.111.231.71,8027
207.244.246.118,7497
113.53.61.25,8080
182.16.171.42,51459
206.206.122.223,5854
14.155.190.101,3306
172.67.8.155,80
45.94.255.2,8110
209.14.115.33,999
72.10.160.90,10295
104.129.206.65,8800
134.209.189.42,80
201.93.159.234,4145
198.105.100.26,6277
203.30.190.30,80
172.67.167.59,80
213.249.123.18,1080
162.144.74.156,3620
89.38.225.147,8080
45.77.43.128,22036
182.16.171.65,5145
103.146.147.36,8181
184.178.172.18,15280
51.15.206.101,16379
139.59.24.173,1080
223.25.109.210,8199
202.40.186.66,1088
198.49.68.80,80
162.240.147.48,39393
190.57.245.250,8080
138.197.68.35,4857
68.183.143.134,80
98.159.38.178,6478
41.220.238.13,83
64.227.108.25,31908
198.89.91.42,5678
51.178.165.36,3128
184.178.172.13,15311
45.43.81.78,5725
192.111.134.10,4145
185.200.37.98,8080
93.180.222.134,8080
72.10.160.171,4017
50.236.148.246,31699
194.180.233.89,8085
37.27.253.44,8011
115.147.63.59,8081
14.207.161.107,4153
68.1.210.163,4145
173.212.237.43,43648
173.214.176.20,5991
103.159.96.121,8080
93.171.224.51,4153
54.242.208.61,3128
36.91.45.11,51299
88.99.148.60,8111
146.59.243.214,80
184.178.172.14,4145
197.232.47.102,52567
72.37.216.68,4145
110.78.148.57,4145
71.19.249.97,8443
91.211.212.6,32650
103.119.229.130,80
103.215.207.85,83
223.165.243.161,47205
109.122.195.16,80
51.77.73.68,31979
154.205.147.234,20000
123.140.160.69,5031
209.135.168.41,80
31.42.185.134,1080
5.58.47.25,3629
15.161.42.78,3128
117.167.219.31,8123
103.156.248.97,8585
171.228.166.138,10089
138.117.116.30,44009
54.39.118.40,7497
47.252.29.28,11222
103.149.194.9,32650
103.70.159.152,5678
172.59.137.79,2267
179.99.202.210,4153
93.230.164.47,1234
103.127.23.10,5678
102.39.68.76,8080
172.67.43.210,80
171.41.130.174,2324
203.24.103.131,80
45.73.0.118,5678
179.1.110.77,5678
45.80.111.138,80
198.46.161.180,5230
14.241.182.44,5678
171.105.22.54,9909
117.86.6.195,8089
91.103.120.48,80
123.202.159.108,80
50.113.36.155,8080
147.161.162.35,10833
185.87.121.5,8975
198.23.193.144,80
41.223.108.13,1080
105.209.147.168,5678
85.172.0.30,8080
64.188.120.174,7921
27.154.57.94,10800
85.117.69.251,1080
113.190.58.76,8118
94.103.224.227,8080
203.74.125.18,8888
5.188.64.79,5678
185.61.38.140,1080
190.58.248.86,80
118.172.227.30,5678
212.220.13.98,4153
209.159.153.22,15817
23.27.75.19,6099
92.113.128.126,7463
156.67.107.79,5678
104.16.0.101,80
103.157.117.11,8080
63.192.206.226,888
45.12.30.62,80
198.244.149.41,443
47.90.167.27,8081
110.77.149.50,5678
210.2.171.107,35010
1.2.252.65,8080
178.115.236.219,5678
103.180.118.174,6789
14.241.80.37,8080
197.157.195.37,6699
83.143.24.29,5678
94.23.222.122,14822
218.4.192.62,7302
192.210.191.40,6026
212.39.114.139,5678
3.222.208.241,3128
188.132.221.126,8085
38.156.74.147,10820
103.168.47.12,33333
91.103.120.39,80
218.26.101.226,53813
162.220.247.5,6600
173.0.9.208,5791
72.210.252.137,4145
202.148.12.90,51302
45.58.252.10,3128
41.73.253.234,4145
195.219.98.27,5678
103.174.145.97,83
69.36.63.128,1080
64.227.134.174,3128
103.87.148.98,8090
139.162.166.167,43941
93.117.72.27,55770
107.181.148.243,6103
58.136.6.226,8080
78.24.219.1,9050
82.206.131.58,10801
222.68.41.137,2324
163.181.123.54,8080
73.248.90.20,8081
47.251.87.199,8008
190.89.37.73,999
104.21.22.164,80
103.247.22.82,12
203.111.253.103,8080
38.154.206.232,9723
170.81.141.49,61437
213.151.53.41,80
173.249.23.14,80
118.70.126.245,5678
167.71.5.83,3128
182.16.240.49,30617
195.138.73.54,31145
46.60.15.62,8080
196.0.113.10,31651
66.29.128.241,12795
192.252.209.158,4145
80.253.246.238,6618
156.38.112.11,80
150.107.207.137,57230
182.204.181.112,1080
35.226.32.10,3128
201.184.239.75,5678
119.40.87.97,5678
202.62.67.209,53281
190.116.56.36,999
8.213.137.155,92
45.136.26.194,8085
123.140.100.71,5031
4.149.210.210,3128
45.43.81.112,5759
188.166.234.144,19738
45.87.68.7,15321
181.205.41.210,7654
119.8.27.130,1080
47.252.18.37,8080
43.251.119.79,45787
167.86.93.118,8058
181.78.82.210,999
64.49.67.164,5678
181.115.207.115,1080
117.161.170.163,9009
98.188.47.150,4145
154.66.110.146,57555
116.237.128.15,4145
203.210.235.91,5678
202.94.145.6,80
134.209.29.120,80
34.75.202.63,80
125.141.133.98,5566
117.86.111.68,1080
5.58.201.235,8080
191.101.25.166,6563
184.185.2.12,4145
27.69.166.126,5105
37.192.133.82,1080
187.32.20.249,5678
65.169.38.73,26592
188.34.164.99,8080
192.111.137.34,18765
47.83.192.255,8888
126.209.2.2,8081
84.103.174.6,80
147.124.212.31,42223
47.252.18.37,80
217.23.6.121,15324
141.98.206.21,1453
185.138.165.45,92
107.180.88.173,47920
144.91.113.229,57018
201.151.118.157,999
13.235.241.7,3128
212.47.228.149,13888
98.175.31.222,4145
62.255.223.195,8080
181.129.43.3,8080
85.206.167.147,31720
141.94.195.25,22563
67.43.236.18,7573
184.178.172.28,15294
24.37.245.42,51056
114.7.97.222,35010
181.143.143.125,999
103.48.70.81,83
95.216.230.239,80
182.253.246.213,4153
115.76.200.20,30870
27.79.248.34,16000
81.12.124.185,5678
103.116.145.67,33333
128.199.131.156,29717
16.163.88.228,80
72.37.217.3,4145
103.164.112.130,4145
61.184.189.124,10800
5.196.22.151,3000
181.39.27.225,1994
80.249.112.166,80
67.43.228.253,6873
200.125.44.242,4145
176.74.199.115,19524
75.119.204.86,20623
216.74.80.104,6676
87.239.31.43,80
110.235.249.8,33333
222.68.38.14,1080
209.141.44.241,1080
107.181.154.103,5781
31.58.18.105,6374
176.88.166.190,5678
83.234.76.155,4145
18.195.164.53,7777
105.214.65.244,5678
154.79.248.156,5678
181.236.221.138,4145
190.104.213.175,1080
69.61.200.104,36181
143.255.147.242,8080
116.107.176.128,1080
67.213.212.57,65456
85.116.120.106,3629
37.27.203.159,8091
51.158.105.94,31826
138.186.222.129,5678
199.229.254.129,4145
172.67.185.158,80
45.85.119.253,80
178.70.70.83,1080
170.245.158.76,8080
45.115.195.170,6148
200.50.249.224,4153
103.163.51.254,80
103.111.119.34,8080
217.66.207.3,33333
167.86.92.137,8011
129.146.169.173,3128
110.74.202.186,4153
