dest_ip,dest_port
195.175.22.194,5678
190.220.1.173,56974
201.174.239.31,4153
45.79.203.254,48579
201.148.125.126,4153
139.59.68.143,49159
95.43.244.15,4153
36.92.111.49,4673
112.78.39.90,4153
203.174.26.137,4153
109.232.106.150,52435
109.248.236.150,9898
177.99.160.98,4145
47.176.213.210,39593
45.249.78.177,5678
165.140.185.179,39593
202.166.219.80,4153
165.139.202.86,8080
128.199.104.190,41354
201.89.97.222,8080
124.158.149.66,4153
113.160.188.21,1080
165.140.184.30,39593
203.210.235.91,5678
8.130.34.44,3128
72.10.160.90,19101
105.29.93.193,4145
154.79.246.18,9898
64.49.67.164,5678
185.87.121.5,8975
93.184.7.26,1080
117.74.65.207,5441
79.106.170.126,4145
213.74.223.77,4153
103.120.175.243,9191
103.97.94.22,4153
8.219.97.248,80
185.32.4.102,4153
45.128.133.1,1080
194.186.248.97,80
45.180.23.209,4145
197.232.47.122,5678
74.82.50.155,3128
8.213.129.20,20201
200.214.154.135,4145
103.156.17.35,8181
183.88.219.206,41564
31.146.116.18,8080
178.220.148.82,10801
8.130.36.245,8080
83.234.147.166,6363
67.43.236.20,5103
213.14.32.66,9090
92.42.8.20,4145
46.241.57.29,1080
213.19.205.198,1080
183.88.247.52,4153
158.101.1.100,42171
202.154.18.1,8080
212.126.5.248,42344
138.199.25.13,3909
64.201.87.248,8899
103.170.22.52,8089
82.132.19.108,4153
186.145.192.251,5678
181.143.59.140,4153
103.124.198.190,3125
111.68.31.134,40385
103.110.10.198,8181
175.106.15.126,8989
181.78.23.170,999
103.31.235.102,8080
31.211.142.115,8192
200.123.109.166,4153
77.238.79.111,8080
45.128.135.1,1080
87.117.11.57,1080
202.40.181.220,31247
190.211.161.211,32410
187.63.9.62,63253
45.128.135.249,1080
45.128.133.199,1080
210.201.86.72,8080
8.213.128.90,8080
31.131.135.247,8080
79.142.82.244,3629
91.223.52.141,5678
45.128.133.225,1080
103.154.113.242,4153
45.128.135.65,1080
37.44.238.2,63617
182.53.216.73,4145
103.169.132.70,800
80.65.80.230,5678
83.220.46.106,4145
189.201.153.89,999
46.34.161.69,4153
51.75.126.150,21224
206.84.104.126,3128
161.49.176.173,1337
138.117.116.30,44009
173.249.28.218,14166
45.128.133.253,1080
181.209.81.82,999
122.3.41.154,8090
189.203.181.34,1080
103.123.64.234,3128
156.200.116.72,1981
92.255.190.64,4153
202.51.126.241,1080
70.80.75.236,5678
185.215.53.129,3629
49.229.36.214,4153
45.128.133.241,1080
103.54.43.131,8080
209.97.169.41,50103
167.172.86.46,10471
104.129.194.44,10336
103.155.198.50,8080
51.79.71.106,8080
72.10.164.178,3001
67.43.228.253,3767
85.143.254.38,1080
124.158.153.33,1080
45.128.133.145,1080
101.255.167.174,8080
45.116.114.37,5678
8.130.39.117,8080
203.188.245.98,52837
103.88.229.59,8080
103.176.97.195,1080
119.10.177.107,1080
45.128.133.65,1080
213.249.123.18,1080
41.223.119.156,3128
213.14.32.67,4153
45.128.133.197,1080
161.49.116.131,1337
122.154.71.65,1080
185.87.121.35,8975
190.211.161.212,32410
103.39.49.156,3128
84.2.239.42,4153
45.116.230.79,4673
95.31.42.199,3629
186.219.215.147,4153
46.105.105.223,43278
67.43.228.250,14395
45.128.133.205,1080
31.13.239.4,5678
201.184.239.75,5678
8.213.129.15,8080
119.252.167.130,41890
1.1.220.100,8080
37.52.13.164,5678
184.95.235.194,1080
193.122.105.251,65535
183.80.130.9,4145
8.213.137.155,8080
103.224.48.41,31433
78.31.93.76,1080
190.104.219.147,4153
118.97.164.19,8080
96.30.79.84,8080
45.40.136.39,25302
45.128.133.169,1080
72.10.160.170,10919
103.158.252.102,5678
103.18.47.79,4145
202.6.233.59,7878
45.230.174.21,4153
177.152.10.254,4153
45.65.233.227,4145
152.32.67.107,1337
125.228.94.199,4145
99.56.147.242,53096
72.10.160.172,10919
104.129.194.43,10336
103.166.39.145,3629
81.7.86.154,4145
110.49.53.69,8081
185.215.53.193,3629
185.86.5.162,8975
111.68.127.170,4153
8.213.128.6,8080
84.52.123.163,4145
45.128.133.239,1080
45.128.133.141,1080
131.161.68.38,35944
118.174.143.38,4153
104.236.114.255,1611
203.170.146.146,4153
147.75.68.201,80
177.85.65.177,4153
118.67.220.225,4145
202.51.124.166,1080
189.201.153.91,999
45.128.133.177,1080
1.179.148.33,1080
184.95.220.42,1080
45.189.108.161,8899
202.169.229.139,53281
119.18.155.66,4153
103.155.196.27,8181
183.88.240.139,4153
103.156.17.39,8181
213.74.223.75,4153
203.112.223.126,8080
91.228.245.196,4153
185.215.53.241,3629
98.103.88.158,46104
103.3.58.162,3128
139.59.234.208,50929
102.164.252.150,8080
194.44.166.65,1080
186.248.87.172,5678
188.166.217.4,20278
203.174.15.83,8080
113.176.118.150,1080
103.131.19.30,1080
188.132.221.170,8080
93.184.4.254,1080
118.97.47.250,55443
98.154.21.253,3128
190.109.72.17,33633
183.80.130.10,4145
39.101.65.228,8080
51.83.190.248,19050
41.169.151.154,4153
179.43.96.178,8080
103.174.178.138,1080
50.238.47.86,32100
45.128.133.209,1080
177.136.124.46,56113
